
{
  "header": {
    "reportVersion": 1,
    "event": "Allocation failed - JavaScript heap out of memory",
    "trigger": "FatalError",
    "filename": "report.20220921.134259.13636.0.001.json",
    "dumpEventTime": "2022-09-21T13:42:59Z",
    "dumpEventTimeStamp": "1663760579052",
    "processId": 13636,
    "cwd": "C:\\Users\\aiz690\\Desktop\\navigation-pdf-viewer-backup\\navigation-pdf-viewer-backup",
    "commandLine": [
      "node",
      "C:\\Users\\aiz690\\AppData\\Roaming\\npm\\\\node_modules\\gulp\\bin\\gulp.js",
      "serve",
      "--nobrowser"
    ],
    "nodejsVersion": "v12.13.1",
    "wordSize": 64,
    "arch": "x64",
    "platform": "win32",
    "componentVersions": {
      "node": "12.13.1",
      "v8": "7.7.299.13-node.16",
      "uv": "1.33.1",
      "zlib": "1.2.11",
      "brotli": "1.0.7",
      "ares": "1.15.0",
      "modules": "72",
      "nghttp2": "1.39.2",
      "napi": "5",
      "llhttp": "1.1.4",
      "http_parser": "2.8.0",
      "openssl": "1.1.1d",
      "cldr": "35.1",
      "icu": "64.2",
      "tz": "2019c",
      "unicode": "12.1"
    },
    "release": {
      "name": "node",
      "lts": "Erbium",
      "headersUrl": "https://nodejs.org/download/release/v12.13.1/node-v12.13.1-headers.tar.gz",
      "sourceUrl": "https://nodejs.org/download/release/v12.13.1/node-v12.13.1.tar.gz",
      "libUrl": "https://nodejs.org/download/release/v12.13.1/win-x64/node.lib"
    },
    "osName": "Windows_NT",
    "osRelease": "10.0.19043",
    "osVersion": "Windows 10 Enterprise",
    "osMachine": "x86_64",
    "cpus": [
      {
        "model": "Intel(R) Xeon(R) Gold 6142M CPU @ 2.60GHz",
        "speed": 2600,
        "user": 131244625,
        "nice": 0,
        "sys": 43153765,
        "idle": 2137819328,
        "irq": 705390
      },
      {
        "model": "Intel(R) Xeon(R) Gold 6142M CPU @ 2.60GHz",
        "speed": 2600,
        "user": 137218781,
        "nice": 0,
        "sys": 39994578,
        "idle": 2135004171,
        "irq": 453640
      },
      {
        "model": "Intel(R) Xeon(R) Gold 6142M CPU @ 2.60GHz",
        "speed": 2600,
        "user": 136643203,
        "nice": 0,
        "sys": 37643968,
        "idle": 2137930359,
        "irq": 382906
      },
      {
        "model": "Intel(R) Xeon(R) Gold 6142M CPU @ 2.60GHz",
        "speed": 2600,
        "user": 132578046,
        "nice": 0,
        "sys": 36032796,
        "idle": 2143606687,
        "irq": 340296
      }
    ],
    "networkInterfaces": [
      {
        "name": "Ethernet 4",
        "internal": false,
        "mac": "00:1d:d8:b7:29:a6",
        "address": "fe80::3536:99ae:3f28:57a7",
        "netmask": "ffff:ffff:ffff:ffff::",
        "family": "IPv6",
        "scopeid": 14
      },
      {
        "name": "Ethernet 4",
        "internal": false,
        "mac": "00:1d:d8:b7:29:a6",
        "address": "10.34.26.76",
        "netmask": "255.255.254.0",
        "family": "IPv4"
      },
      {
        "name": "Loopback Pseudo-Interface 1",
        "internal": true,
        "mac": "00:00:00:00:00:00",
        "address": "::1",
        "netmask": "ffff:ffff:ffff:ffff:ffff:ffff:ffff:ffff",
        "family": "IPv6",
        "scopeid": 0
      },
      {
        "name": "Loopback Pseudo-Interface 1",
        "internal": true,
        "mac": "00:00:00:00:00:00",
        "address": "127.0.0.1",
        "netmask": "255.0.0.0",
        "family": "IPv4"
      }
    ],
    "host": "TCSVD0110"
  },
  "javascriptStack": {
    "message": "No stack.",
    "stack": [
      "Unavailable."
    ]
  },
  "nativeStack": [
    {
      "pc": "0x00007ff7271e1729",
      "symbol": "std::basic_ostream<char,std::char_traits<char> >::operator<<+10873"
    },
    {
      "pc": "0x00007ff7271e5b4c",
      "symbol": "std::basic_ostream<char,std::char_traits<char> >::operator<<+28316"
    },
    {
      "pc": "0x00007ff7271e4b08",
      "symbol": "std::basic_ostream<char,std::char_traits<char> >::operator<<+24152"
    },
    {
      "pc": "0x00007ff7272d369b",
      "symbol": "v8::base::CPU::has_sse+37723"
    },
    {
      "pc": "0x00007ff727ad82de",
      "symbol": "v8::Isolate::ReportExternalAllocationLimitReached+94"
    },
    {
      "pc": "0x00007ff727ac0321",
      "symbol": "v8::SharedArrayBuffer::Externalize+833"
    },
    {
      "pc": "0x00007ff72798dbec",
      "symbol": "v8::internal::Heap::EphemeronKeyWriteBarrierFromCode+1436"
    },
    {
      "pc": "0x00007ff727998f90",
      "symbol": "v8::internal::Heap::ProtectUnprotectedMemoryChunks+1312"
    },
    {
      "pc": "0x00007ff727995ac4",
      "symbol": "v8::internal::Heap::PageFlagsAreConsistent+3204"
    },
    {
      "pc": "0x00007ff72798b353",
      "symbol": "v8::internal::Heap::CollectGarbage+1283"
    },
    {
      "pc": "0x00007ff727989b24",
      "symbol": "v8::internal::Heap::AddRetainedMap+2356"
    },
    {
      "pc": "0x00007ff7279aadf5",
      "symbol": "v8::internal::Factory::NewFillerObject+53"
    },
    {
      "pc": "0x00007ff727716e19",
      "symbol": "v8::internal::interpreter::JumpTableTargetOffsets::iterator::operator=+4057"
    },
    {
      "pc": "0x00007ff727f0404d",
      "symbol": "v8::internal::SetupIsolateDelegate::SetupHeap+567949"
    },
    {
      "pc": "0x0000002d6a2de351",
      "symbol": ""
    }
  ],
  "javascriptHeap": {
    "totalMemory": 2184228864,
    "totalCommittedMemory": 2184228864,
    "usedMemory": 2090489032,
    "availableMemory": 100549232,
    "memoryLimit": 2197815296,
    "heapSpaces": {
      "read_only_space": {
        "memorySize": 262144,
        "committedMemory": 262144,
        "capacity": 261872,
        "used": 32296,
        "available": 229576
      },
      "new_space": {
        "memorySize": 33554432,
        "committedMemory": 33554432,
        "capacity": 16759808,
        "used": 2929640,
        "available": 13830168
      },
      "old_space": {
        "memorySize": 2069475328,
        "committedMemory": 2069475328,
        "capacity": 2064900552,
        "used": 2008757304,
        "available": 56143248
      },
      "code_space": {
        "memorySize": 1736704,
        "committedMemory": 1736704,
        "capacity": 1313920,
        "used": 1313920,
        "available": 0
      },
      "map_space": {
        "memorySize": 3936256,
        "committedMemory": 3936256,
        "capacity": 2335440,
        "used": 2335440,
        "available": 0
      },
      "large_object_space": {
        "memorySize": 74641408,
        "committedMemory": 74641408,
        "capacity": 74570032,
        "used": 74570032,
        "available": 0
      },
      "code_large_object_space": {
        "memorySize": 622592,
        "committedMemory": 622592,
        "capacity": 550400,
        "used": 550400,
        "available": 0
      },
      "new_large_object_space": {
        "memorySize": 0,
        "committedMemory": 0,
        "capacity": 16759808,
        "used": 0,
        "available": 16759808
      }
    }
  },
  "resourceUsage": {
    "userCpuSeconds": 263.375,
    "kernelCpuSeconds": 101.468,
    "cpuConsumptionPercent": 165.087,
    "maxRss": 2728570880,
    "pageFaults": {
      "IORequired": 1135085,
      "IONotRequired": 0
    },
    "fsActivity": {
      "reads": 5613,
      "writes": 16
    }
  },
  "libuv": [
  ],
  "environmentVariables": {
    "=::": "::\\",
    "=C:": "C:\\Users\\aiz690\\Desktop\\navigation-pdf-viewer-backup\\navigation-pdf-viewer-backup",
    "ALLUSERSPROFILE": "C:\\ProgramData",
    "APPDATA": "C:\\Users\\aiz690\\AppData\\Roaming",
    "CLIENTNAME": "01HW1871653",
    "CommonProgramFiles": "C:\\Program Files\\Common Files",
    "CommonProgramFiles(x86)": "C:\\Program Files (x86)\\Common Files",
    "CommonProgramW6432": "C:\\Program Files\\Common Files",
    "COMPUTERNAME": "TCSVD0110",
    "ComSpec": "C:\\Windows\\system32\\cmd.exe",
    "dp0": "C:\\Users\\aiz690\\AppData\\Roaming\\npm\\",
    "DriverData": "C:\\Windows\\System32\\Drivers\\DriverData",
    "HOMEDRIVE": "C:",
    "HOMEPATH": "\\Users\\aiz690",
    "INIT_CWD": "C:\\Users\\aiz690\\Desktop\\navigation-pdf-viewer-backup\\navigation-pdf-viewer-backup",
    "JAVA_TOOL_OPTIONS": "-Djava.vendor=\"Sun Microsystems Inc.\"",
    "LOCALAPPDATA": "C:\\Users\\aiz690\\AppData\\Local",
    "LOGONSERVER": "\\\\PSKOPSASDC01",
    "NUMBER_OF_PROCESSORS": "4",
    "OneDriveSync1": "\\\\aarpfile01\\Profiles$\\aiz690",
    "OS": "Windows_NT",
    "Path": "C:\\ProgramData\\Oracle\\Java\\javapath;C:\\Program Files (x86)\\Common Files\\Oracle\\Java\\javapath;C:\\Windows\\system32;C:\\Windows;C:\\Windows\\System32\\Wbem;C:\\Windows\\System32\\WindowsPowerShell\\v1.0\\;C:\\Windows\\System32\\OpenSSH\\;C:\\Program Files\\Microsoft VS Code\\bin;C:\\Program Files\\nodejs\\;C:\\Users\\aiz690\\AppData\\Local\\Microsoft\\WindowsApps;C:\\Users\\aiz690\\AppData\\Roaming\\npm",
    "PATHEXT": ".COM;.EXE;.BAT;.CMD;.VBS;.VBE;.JSE;.WSF;.WSH;.MSC",
    "PROCESSOR_ARCHITECTURE": "AMD64",
    "PROCESSOR_IDENTIFIER": "Intel64 Family 6 Model 85 Stepping 4, GenuineIntel",
    "PROCESSOR_LEVEL": "6",
    "PROCESSOR_REVISION": "5504",
    "ProgramData": "C:\\ProgramData",
    "ProgramFiles": "C:\\Program Files",
    "ProgramFiles(x86)": "C:\\Program Files (x86)",
    "ProgramW6432": "C:\\Program Files",
    "PROMPT": "$P$G",
    "PSModulePath": "C:\\Program Files\\WindowsPowerShell\\Modules;C:\\Windows\\system32\\WindowsPowerShell\\v1.0\\Modules",
    "PUBLIC": "C:\\Users\\Public",
    "SESSIONNAME": "RDP-Tcp#57",
    "SystemDrive": "C:",
    "SystemRoot": "C:\\Windows",
    "TEMP": "C:\\Users\\aiz690\\AppData\\Local\\Temp",
    "TMP": "C:\\Users\\aiz690\\AppData\\Local\\Temp",
    "UATDATA": "C:\\Windows\\CCM\\UATData\\D9F8C395-CAB8-491d-B8AC-179A1FE1BE77",
    "USERDNSDOMAIN": "SAS.LOCAL",
    "USERDOMAIN": "SAS",
    "USERDOMAIN_ROAMINGPROFILE": "SAS",
    "USERNAME": "aiz690",
    "USERPROFILE": "C:\\Users\\aiz690",
    "windir": "C:\\Windows",
    "_prog": "node"
  },
  "sharedObjects": [
    "C:\\Program Files\\nodejs\\node.exe",
    "C:\\Windows\\SYSTEM32\\ntdll.dll",
    "C:\\Windows\\System32\\KERNEL32.DLL",
    "C:\\Windows\\System32\\KERNELBASE.dll",
    "C:\\Windows\\System32\\WS2_32.dll",
    "C:\\Windows\\SYSTEM32\\dbghelp.dll",
    "C:\\Windows\\System32\\RPCRT4.dll",
    "C:\\Windows\\System32\\ucrtbase.dll",
    "C:\\Windows\\System32\\ADVAPI32.dll",
    "C:\\Windows\\System32\\msvcrt.dll",
    "C:\\Windows\\System32\\sechost.dll",
    "C:\\Windows\\System32\\USER32.dll",
    "C:\\Windows\\System32\\win32u.dll",
    "C:\\Windows\\System32\\GDI32.dll",
    "C:\\Windows\\System32\\gdi32full.dll",
    "C:\\Windows\\System32\\msvcp_win.dll",
    "C:\\Windows\\SYSTEM32\\IPHLPAPI.DLL",
    "C:\\Windows\\System32\\PSAPI.DLL",
    "C:\\Windows\\System32\\CRYPT32.dll",
    "C:\\Windows\\System32\\bcrypt.dll",
    "C:\\Windows\\SYSTEM32\\USERENV.dll",
    "C:\\Windows\\SYSTEM32\\WINMM.dll",
    "C:\\Windows\\System32\\IMM32.DLL",
    "C:\\Windows\\SYSTEM32\\powrprof.dll",
    "C:\\Windows\\SYSTEM32\\UMPDC.dll",
    "C:\\Windows\\SYSTEM32\\CRYPTBASE.DLL",
    "C:\\Windows\\system32\\uxtheme.dll",
    "C:\\Windows\\System32\\combase.dll",
    "C:\\Windows\\system32\\mswsock.dll",
    "C:\\Windows\\SYSTEM32\\kernel.appcore.dll",
    "C:\\Windows\\System32\\bcryptprimitives.dll",
    "C:\\Windows\\System32\\NSI.dll",
    "C:\\Windows\\SYSTEM32\\dhcpcsvc6.DLL",
    "C:\\Windows\\SYSTEM32\\dhcpcsvc.DLL",
    "C:\\Windows\\SYSTEM32\\DNSAPI.dll",
    "C:\\Windows\\System32\\rasadhlp.dll",
    "C:\\Windows\\System32\\fwpuclnt.dll",
    "\\\\?\\C:\\Users\\aiz690\\Desktop\\navigation-pdf-viewer-backup\\navigation-pdf-viewer-backup\\node_modules\\node-sass\\vendor\\win32-x64-72\\",
    "C:\\Windows\\system32\\napinsp.dll",
    "C:\\Windows\\system32\\pnrpnsp.dll",
    "C:\\Windows\\system32\\wshbth.dll",
    "C:\\Windows\\system32\\NLAapi.dll",
    "C:\\Windows\\System32\\winrnr.dll"
  ]
}